BEGIN TRANSACTION;
CREATE TABLE Patrons (ID SERIAL PRIMARY KEY, first_name TEXT NOT NULL, last_name TEXT NOT NULL, address TEXT NOT NULL, email TEXT NOT NULL, library_id TEXT NOT NULL, zip_code INTEGER NOT NULL);
INSERT INTO Patrons VALUES (1,'Andrew','Chalkley','1234 NE 20st St','andrew.chalkley@teamtreehouse.com','MCL0011',90210);
INSERT INTO Patrons VALUES (2,'Dave','McFarland','5252 NW 2nd St','dave.mcfarland@teamtreehouse.com','MCL1010',90210);
INSERT INTO Patrons VALUES (3,'Alena','Holligan','1404 SW 101st St','alena.holligan@teamtreehouse.com','MCL1100',91210);
INSERT INTO Patrons VALUES (4,'Michael','Poley','7070 NE 10th Ave','michael.poley@teamtreehouse.com','MCL1011',91310);
INSERT INTO Patrons VALUES (5,'Daniel','McNeil','134 Pershing Blvd','smellydogcoding@gmail.com','MCL1111',15351);
INSERT INTO Patrons VALUES (6,'Daniel','McNeil','PO Box 234','daniel.mcneil@outlook.com','MCL1112',15351);
CREATE TABLE Books (ID SERIAL PRIMARY KEY, title TEXT UNIQUE NOT NULL, author TEXT NOT NULL, genre TEXT, first_published INTEGER);
INSERT INTO Books VALUES (1,'Harry Potter and the Philosopher''s Stone','J.K. Rowling','Fantasy',1997);
INSERT INTO Books VALUES (2,'Harry Potter and the Chamber of Secrets','J.K. Rowling','Fantasy',1998);
INSERT INTO Books VALUES (3,'Harry Potter and the Prisoner of Azkaban','J.K. Rowling','Fantasy',1999);
INSERT INTO Books VALUES (4,'Harry Potter and the Goblet of Fire','J.K. Rowling','Fantasy',2000);
INSERT INTO Books VALUES (5,'Harry Potter and the Order of the Phoenix','J.K. Rowling','Fantasy',2003);
INSERT INTO Books VALUES (6,'Harry Potter and the Half-Blood Prince','J.K. Rowling','Fantasy',2005);
INSERT INTO Books VALUES (7,'Harry Potter and the Deathly Hallows','J.K. Rowling','Fantasy',2007);
INSERT INTO Books VALUES (8,'A Brief History of Time','Stephen Hawking','Non Fiction',1988);
INSERT INTO Books VALUES (9,'The Universe in a Nutshell','Stephen Hawking','Non Fiction',2001);
INSERT INTO Books VALUES (10,'Frankenstein','Mary Shelley','Horror',1818);
INSERT INTO Books VALUES (11,'The Martian','Andy Weir','Science Fiction',2014);
INSERT INTO Books VALUES (12,'Ready Player One','Ernest Cline','Science Fiction',2011);
INSERT INTO Books VALUES (13,'Armada','Ernest Cline','Science Fiction',2015);
INSERT INTO Books VALUES (14,'Pride and Prejudice','Jane Austen','Classic',1813);
INSERT INTO Books VALUES (15,'Emma','Jane Austen','Classic',1815);
INSERT INTO Books VALUES (16,'Test Book','Test Author','Test',2016);
INSERT INTO Books VALUES (17,'Another New Book','Another New Author','New Genre',2015);
INSERT INTO Books VALUES (18,'3rd Test Book','3rd Test Author','3rd Test',2017);
INSERT INTO Books VALUES (20,'Database Validation','Smellydog','Coding',2017);
CREATE TABLE Loans (ID SERIAL PRIMARY KEY, book_id INTEGER NOT NULL, patron_id INTEGER NOT NULL, loaned_on DATE NOT NULL, return_by DATE NOT NULL, returned_on DATE, FOREIGN KEY(book_id) REFERENCES Books(ID), FOREIGN KEY(patron_id) REFERENCES Patrons(ID));
INSERT INTO Loans VALUES (1,15,2,'2015-12-10','2020-10-20',NULL);
INSERT INTO Loans VALUES (2,4,1,'2015-12-11','2015-12-18',NULL);
INSERT INTO Loans VALUES (3,8,1,'2015-12-12','2015-12-19','2017-02-26');
INSERT INTO Loans VALUES (4,9,3,'2015-12-13','2015-12-20','2017-02-14');
INSERT INTO Loans VALUES (5,11,4,'2015-12-13','2015-12-20','2015-12-17');
INSERT INTO Loans VALUES (6,16,5,'2017-02-13 00:00:00.000 +00:00','2017-02-20 00:00:00.000 +00:00','2017-02-13');
INSERT INTO Loans VALUES (7,17,5,'2017-02-14','2017-02-21',NULL);
INSERT INTO Loans VALUES (8,9,5,'2017-02-13','2017-02-20',NULL);
INSERT INTO Loans VALUES (9,2,6,'2017-02-20','2017-02-27','2017-02-20');
INSERT INTO Loans VALUES (10,20,6,'2017-02-21','2017-02-28',NULL);
INSERT INTO Loans VALUES (11,8,6,'2017-02-25','2017-03-04',NULL);
COMMIT;
